{
    "components":
    {
        "benzene":
        {
            "antoine":[6.90565,1211.033,220.79],
            "Cp_liquid":[162940,-344.94,0.86],
            "Hv":33.9
        },
        "toulene":
        {
            "antoine":[6.95464,1344.8,219.482],
            "Cp_liquid":[140140,-152.3,0.695],
            "Hv":37
        },
        "hexane":
        {
            "antoine":[6.87024,1168.72,224.21],
            "Cp_liquid":[172120,-183.78,0.88734],
            "Hv":31
        },
        "cyclohexane":
        {
            "antoine":[6.8413,1201.531,222.647],
            "Cp_liquid":[-220600,3118.3,-9.4216],
            "Hv":33.1
        },
        "octane":
        {
            "antoine":[6.9094,1349.82,209.385],
            "Cp_liquid":[224830,-186.63,0.95891],
            "Hv":41
        },
        "o-xylene":
        {
            "antoine":[6.99891,1474.679,213.686],
            "Cp_liquid":[36500,1017.5,-2.63],
            "Hv":42
        },
        "p-xylene":
        {
            "antoine":[6.99052,1453.43,215.307],
            "Cp_liquid":[-35500,1287.2,-2.599],
            "Hv":42
        },
        "m-xylene":
        {
            "antoine":[7.00908,1462.266,215.105],
            "Cp_liquid":[133860,7.8754,0.52265],
            "Hv":41
        }
    }
}